X,Y,r_mm,theta_deg,ring_id,ring_r,n,n_interp,mean,sd,slope,se,ci_lo,ci_hi,p,p_fdr,mean_no_interp,interp_shift
0,0,0.0,0.0,0,0.0,88,0,41.864431818181814,0.3194947162139155,-0.09436385994167679,0.006399528464742072,-0.10710694912550751,-0.08162077075784606,3.939021840541836e-24,6.1504025229512885e-24,41.86443181818182,7.105427357601002e-15
0,-19000,19.0,-90.0,1,19.0,88,0,41.95270568181818,0.3180622263840888,-0.09360880366822963,0.006423937554214042,-0.10640049755875886,-0.0808171097777004,7.730319637922858e-24,1.146664079625224e-23,41.95270568181818,0.0
19000,0,19.0,0.0,1,19.0,88,0,41.604822727272726,0.31085738265496765,-0.09180705293875863,0.006320393650410451,-0.10439256457572327,-0.07922154130179399,9.261157402108781e-24,1.3136455718166973e-23,41.604822727272726,0.0
0,19000,19.0,90.0,1,19.0,88,0,41.36511704545455,0.3241399772914884,-0.0963345977490967,0.006353076375328102,-0.10898518900570689,-0.0836840064924865,7.889323146898585e-25,1.4939356597318598e-24,41.36511704545455,0.0
-19000,0,19.0,180.0,1,19.0,88,0,41.65130568181819,0.32323058079047917,-0.09509692371825056,0.006431596601302226,-0.1079038687199586,-0.0822899787165425,3.368031474295249e-24,5.450087294768676e-24,41.65130568181818,-7.105427357601002e-15
-19000,-19000,26.870057685088806,-135.0,2,26.87,88,0,41.78934772727273,0.3218929928490989,-0.0943465193831103,0.006476634393462019,-0.10724314608641512,-0.08144989267980547,7.871918499607273e-24,1.1485258138771267e-23,41.78934772727273,0.0
19000,-19000,26.870057685088806,-45.0,2,26.87,88,0,41.74705340909091,0.3121611762987905,-0.0915331304710641,0.006418568983769571,-0.10431413417209881,-0.07875212677002938,2.614359868304844e-23,3.2771553278750866e-23,41.74705340909091,0.0
19000,19000,26.870057685088806,45.0,2,26.87,88,0,41.12700454545455,0.3180068433114204,-0.09478694456026757,0.006324912042727437,-0.1073814534657935,-0.08219243565474163,1.5553963380873217e-24,2.714319099799444e-24,41.12700454545455,0.0
-19000,19000,26.870057685088806,135.0,2,26.87,88,0,41.18609204545455,0.334053418614032,-0.09869207169657385,0.006446720865660122,-0.11152913295616157,-0.08585501043698612,4.532774857875619e-25,9.621787173972712e-25,41.186092045454544,-7.105427357601002e-15
0,-38000,38.0,-90.0,3,38.0,88,0,41.822697727272725,0.32051238001347454,-0.0939083201334236,0.006486001152988521,-0.10682359843780612,-0.08099304182904107,1.1122761246638278e-23,1.5467589858606357e-23,41.822697727272725,0.0
38000,0,38.0,0.0,3,38.0,88,0,41.08057954545455,0.3153635217351084,-0.09280365152150134,0.00629724888226431,-0.10534307603716474,-0.08026422700583795,4.06719384558984e-24,6.241038832025789e-24,41.08057954545455,0.0
0,38000,38.0,90.0,3,38.0,88,0,40.6026375,0.3381053489201125,-0.1009654189245857,0.006379560081124614,-0.11366874597676936,-0.08826209187240204,6.447146011208571e-26,2.0492714107055815e-25,40.6026375,0.0
-38000,0,38.0,180.0,3,38.0,88,0,41.169470454545454,0.33978050932820036,-0.09953263859945057,0.0065165573515880305,-0.11250876206860072,-0.08655651513030041,5.179669213252813e-25,1.0720710697197683e-24,41.169470454545454,0.0
-38000,-19000,42.485291572496,-153.434948822922,4,42.49,88,0,41.38422272727273,0.33832926074009045,-0.09866097540645329,0.006534338434239313,-0.11167250553458757,-0.085649445278319,1.0100555282884581e-24,1.7978988403534553e-24,41.38422272727273,0.0
-19000,-38000,42.485291572496,-116.56505117707799,4,42.49,88,1,41.72364463534091,0.3259265952657636,-0.09472929107381532,0.006554990939088148,-0.10778194559300563,-0.08167663655462501,1.236772654804589e-23,1.6854373622074563e-23,41.72114022988506,-0.0025044054558520656
19000,-38000,42.485291572496,-63.43494882292201,4,42.49,88,0,41.684762500000005,0.3149896682532965,-0.09226855356401878,0.006435852889887825,-0.10508397391908095,-0.07945313320895661,1.939490289957299e-23,2.5384505265617592e-23,41.684762500000005,0.0
38000,-19000,42.485291572496,-26.56505117707799,4,42.49,88,0,41.301863636363635,0.3147308593622505,-0.09204891204672028,0.006388727743643922,-0.10477049424719095,-0.0793273298462496,1.466060187194208e-23,1.9474530844818584e-23,41.301863636363635,0.0
38000,19000,42.485291572496,26.56505117707799,4,42.49,88,0,40.680156818181814,0.3246902367457876,-0.09714285118802878,0.006344342705403253,-0.10977605148601324,-0.08450965089004431,4.483951454164829e-25,9.621787173972712e-25,40.680156818181814,0.0
19000,38000,42.485291572496,63.43494882292201,4,42.49,88,0,40.43895340909091,0.3353929892374375,-0.10011676531891607,0.006399845676744559,-0.11286048615254102,-0.08737304448529112,1.2788270463969666e-25,3.5567377227915634e-25,40.43895340909091,0.0
-19000,38000,42.485291572496,116.56505117707799,4,42.49,88,0,40.48300681818182,0.35028330727466417,-0.10438055022929559,0.0064758612019852335,-0.11727563731167379,-0.09148546314691738,2.177491597031875e-26,8.808943278901677e-26,40.48300681818182,0.0
-38000,19000,42.485291572496,153.434948822922,4,42.49,88,0,40.802175000000005,0.35075649845283896,-0.10375118799503114,0.00653854499211524,-0.11677109445002531,-0.09073128154003696,5.527346256489472e-26,1.8219770993613444e-25,40.802175,-7.105427357601002e-15
-38000,-38000,53.74011537017761,-135.0,5,53.74,88,0,41.55959090909091,0.3453278171472953,-0.09971595664863821,0.006660108402066961,-0.11297792677801716,-0.08645398651925926,1.642423087293235e-24,2.811070284021114e-24,41.55959090909091,0.0
38000,-38000,53.74011537017761,-45.0,5,53.74,88,0,41.47226818181818,0.3223134743655247,-0.09350353480620312,0.006555174879489626,-0.10655655559752636,-0.08045051401487988,2.5795780852140614e-23,3.2771553278750866e-23,41.47226818181818,0.0
38000,38000,53.74011537017761,45.0,5,53.74,88,0,40.225564772727274,0.3410435264093057,-0.10239169654025805,0.006387162287832104,-0.11511016151996266,-0.08967323156055344,3.011579835073888e-26,1.1653504579198958e-25,40.225564772727274,0.0
-38000,38000,53.74011537017761,135.0,5,53.74,88,0,40.338527272727276,0.36867773259584896,-0.10960539391416382,0.006602920937791041,-0.12275348925394222,-0.09645729857438542,3.727616541355544e-27,1.951516895180255e-26,40.33852727272727,-7.105427357601002e-15
0,-57000,57.0,-90.0,6,57.0,88,1,41.944458352613644,0.33114179712181496,-0.0969057902618104,0.006563487401575807,-0.10997536339927451,-0.08383621712434629,3.660535797675255e-24,5.8176372498767445e-24,41.94156436781609,-0.002893984797552207
57000,0,57.0,0.0,6,57.0,88,0,40.755525,0.33011068267490484,-0.09779940808673637,0.006366004381392753,-0.11047574229224641,-0.08512307388122634,3.693906732955767e-25,8.657306974650813e-25,40.755525,0.0
0,57000,57.0,90.0,6,57.0,88,1,40.01339945056818,0.3621568283605523,-0.10926301004171705,0.006514019742424192,-0.12223408048546594,-0.09629193959796817,1.9830893976384585e-27,1.2606782599273058e-26,40.01095402298851,-0.0024454275796728098
-57000,0,57.0,180.0,6,57.0,88,0,40.89181477272727,0.3714562638940881,-0.10867396415176389,0.006737316596741649,-0.1220896754381488,-0.09525825286537898,2.0848953508879754e-26,8.808943278901677e-26,40.89181477272727,0.0
-57000,-19000,60.08327554319921,-161.565051177078,7,60.08,88,0,41.24242954545454,0.3721728501400929,-0.10851068778661144,0.006822482118824852,-0.12209598529318008,-0.09492539028004279,4.810791509426096e-26,1.6762150741451407e-25,41.24242954545454,0.0
-19000,-57000,60.08327554319921,-108.43494882292202,7,60.08,88,0,41.99662613636363,0.3340705292366285,-0.09689366402671254,0.0064871719206790555,-0.10981127362740481,-0.08397605442602027,1.885847432553633e-24,3.166800405608931e-24,41.99662613636364,7.105427357601002e-15
19000,-57000,60.08327554319921,-71.56505117707799,7,60.08,88,0,41.95354204545454,0.3218862520306557,-0.09360669445605789,0.006444750507661032,-0.10643983223161944,-0.08077355668049634,9.298839440949654e-24,1.3136455718166973e-23,41.95354204545455,7.105427357601002e-15
57000,-19000,60.08327554319921,-18.43494882292201,7,60.08,88,0,41.11559090909091,0.32889124626603927,-0.09719887453108852,0.006414804194024658,-0.10997238157799596,-0.08442536748418109,8.233690568792472e-25,1.526663459630271e-24,41.11559090909091,0.0
57000,19000,60.08327554319921,18.43494882292201,7,60.08,88,0,40.50479886363637,0.3388538512802085,-0.1018789995831931,0.006407438614643415,-0.11463783988778306,-0.08912015927860314,4.896808081772321e-26,1.6762150741451407e-25,40.50479886363637,0.0
19000,57000,60.08327554319921,71.56505117707799,7,60.08,88,0,40.01412954545454,0.3607432178599824,-0.10895361400586898,0.006523691734884735,-0.12194394384711708,-0.09596328416462087,2.5765251872184235e-27,1.433192135390248e-26,40.014129545454544,7.105427357601002e-15
-19000,57000,60.08327554319921,108.43494882292202,7,60.08,88,0,40.05809090909091,0.3780191729116652,-0.11369066277618987,0.006604214733981751,-0.12684133439331977,-0.10053999115905998,4.0679327214522215e-28,3.291327383720434e-27,40.05809090909091,0.0
-57000,19000,60.08327554319921,161.565051177078,7,60.08,88,0,40.65706363636364,0.38194182989181436,-0.11339843268031705,0.0067313379838084015,-0.1268022390274203,-0.09999462633321378,1.5243927367505254e-27,1.0436227197753598e-26,40.65706363636364,0.0
-57000,-38000,68.50547423381579,-146.30993247402023,8,68.51,88,0,42.02284090909091,0.3465021927370412,-0.09181976656943841,0.007239249384613928,-0.10623495372586356,-0.07740457941301326,1.5141567702507493e-20,1.6434140555160572e-20,42.02284090909091,0.0
-38000,-57000,68.50547423381579,-123.69006752597979,8,68.51,88,0,42.45178409090909,0.32973211031317223,-0.08636847019595015,0.007360476708378771,-0.1010250517936632,-0.0717118885982371,8.052847748186779e-19,8.532183923674088e-19,42.45178409090909,0.0
38000,-57000,68.50547423381579,-56.309932474020215,8,68.51,88,0,42.354405681818186,0.32981313112366967,-0.08540862025847581,0.007116099287270706,-0.09957858424227375,-0.07123865627467788,2.5955780473145476e-19,2.78321019531319e-19,42.35440568181818,-7.105427357601002e-15
57000,-38000,68.50547423381579,-33.690067525979785,8,68.51,88,0,41.889207954545455,0.3088021608306826,-0.07808409337227276,0.00696625123942909,-0.09195567177216572,-0.0642125149723798,7.564396087347605e-18,7.828270369464382e-18,41.889207954545455,0.0
57000,38000,68.50547423381579,33.690067525979785,8,68.51,88,0,40.57139431818182,0.36270483815703136,-0.10911649020428527,0.006618428092217014,-0.12229546423347436,-0.09593751617509617,5.622791113641809e-27,2.6338337321795845e-26,40.571394318181824,7.105427357601002e-15
38000,57000,68.50547423381579,56.309932474020215,8,68.51,88,0,40.301500000000004,0.3735985182967984,-0.11287047936643571,0.0066713152343835114,-0.12615476514992335,-0.09958619358294805,1.1742437859909404e-27,8.708974746099474e-27,40.301500000000004,0.0
-38000,57000,68.50547423381579,123.69006752597979,8,68.51,88,0,40.423418181818185,0.4053790153700645,-0.1215580908712299,0.006857988238148183,-0.13521409009396432,-0.10790209164849549,6.715385209479639e-29,8.538132623481255e-28,40.423418181818185,0.0
-57000,38000,68.50547423381579,146.30993247402023,8,68.51,88,0,40.74292272727273,0.4099492527403379,-0.12260459358069241,0.006885381698364685,-0.13631514015148782,-0.108894047009897,5.051443020956001e-29,8.538132623481255e-28,40.74292272727273,0.0
0,-76000,76.0,-90.0,9,76.0,88,6,43.65339737613636,0.3799510983584954,-0.10354156212758914,0.0076468930420457906,-0.11876847150862767,-0.0883146527465506,4.598920944621989e-22,5.0531353589056425e-22,43.6739743902439,0.02057701410753765
76000,0,76.0,0.0,9,76.0,88,0,42.03857045454545,0.3848421148599851,-0.10531869112133556,0.007174002044797022,-0.11960395422556289,-0.09103342801710823,5.06488766835928e-24,7.640254279389423e-24,42.03857045454546,7.105427357601002e-15
0,76000,76.0,90.0,9,76.0,88,0,40.848675,0.4211752752373583,-0.1279131638182917,0.00709602189719066,-0.14204314861084483,-0.11378317902573859,2.3547065766356538e-29,6.168394287553956e-28,40.848675,0.0
-76000,0,76.0,180.0,9,76.0,88,0,42.231771590909084,0.40125442954517493,-0.11143904126722945,0.007872807865914898,-0.12711580453428073,-0.09576227800017817,3.966387818038011e-23,4.770385348721392e-23,42.23177159090909,7.105427357601002e-15
-76000,-19000,78.33900688673555,-165.96375653207352,10,78.34,88,1,42.97896875386363,0.4531045525166697,-0.13104357002587927,0.007841755089589137,-0.14665849931558286,-0.11542864073617566,2.4867851924799916e-27,1.433192135390248e-26,42.988047126436776,0.009078372573142701
-19000,-76000,78.33900688673555,-104.03624346792648,10,78.34,88,11,44.05667010431818,0.3762220455045882,-0.10643516473034054,0.00750226878175418,-0.12137409041739361,-0.09149623904328746,3.493967199266334e-23,4.259768229242517e-23,44.06144155844156,0.00477145412337876
19000,-76000,78.33900688673555,-75.96375653207353,10,78.34,88,11,43.98982615261364,0.362463428789041,-0.10144850204839032,0.007420101347367527,-0.11622381147056318,-0.08667319262621745,2.708517812362028e-22,3.013226066252756e-22,43.99234025974026,0.002514107126621923
76000,-19000,78.33900688673555,-14.036243467926479,10,78.34,88,5,42.73628085443182,0.3941138164228321,-0.10801726370074415,0.007571166968836664,-0.1230933832056595,-0.09294114419582879,2.550867701948718e-23,3.2771553278750866e-23,42.75377228915662,0.017491434724803412
76000,19000,78.33900688673555,14.036243467926479,10,78.34,88,0,42.138169318181816,0.4010635327771246,-0.11141806586081034,0.007152925534099722,-0.1256613602704722,-0.09717477145114846,1.645852542458766e-25,4.308261067024417e-25,42.138169318181816,0.0
19000,76000,78.33900688673555,75.96375653207353,10,78.34,88,0,41.21385,0.417478698747668,-0.1261737807420098,0.0071141865425107444,-0.1403399359643972,-0.11200762551962239,6.473556451135744e-29,8.538132623481255e-28,41.21385,0.0
-19000,76000,78.33900688673555,104.03624346792648,10,78.34,88,1,41.28401041079546,0.439015111798171,-0.13238772521470704,0.007201840280541001,-0.14672842132821942,-0.11804702910119466,6.903213403936922e-30,3.0719299647519305e-28,41.28084712643678,-0.0031632843586777426
-76000,19000,78.33900688673555,165.96375653207352,10,78.34,88,0,42.36106136363637,0.41832901763542585,-0.1193591829929482,0.007895912539785176,-0.1350819535433977,-0.10363641244249872,9.437843859347404e-25,1.714220619350855e-24,42.36106136363637,0.0
-57000,-57000,80.61017305526643,-135.0,11,80.61,88,13,44.15888716704546,0.41039664983445334,-0.11843061855776942,0.007553918819376102,-0.1334723926092591,-0.10338884450627972,1.1237325485774116e-25,3.2261998975286977e-25,44.149650666666666,-0.009236500378790424
57000,-57000,80.61017305526643,-45.0,11,80.61,88,15,43.94205603272727,0.3664867052403775,-0.10002477270366307,0.007197761353363218,-0.11435734663550422,-0.08569219877182192,1.1044233806815159e-22,1.2933379063244069e-22,43.904438356164384,-0.03761767656288839
57000,57000,80.61017305526643,45.0,11,80.61,88,0,41.99748636363636,0.38339325424180204,-0.10571819924972188,0.007632828954210628,-0.12091710345404152,-0.09051929504540224,1.3275661201027867e-22,1.5344595414175066e-22,41.99748636363636,0.0
-57000,57000,80.61017305526643,135.0,11,80.61,88,0,42.228339772727274,0.42419093010289227,-0.12115330554401173,0.007607384617802307,-0.13630154360162056,-0.1060050674864029,4.450846093575458e-26,1.6505220930342324e-25,42.228339772727274,0.0
-76000,-38000,84.970583144992,-153.434948822922,12,84.97,88,10,44.88950011409091,1.8093902638630885,-0.17244506171075016,0.06795724800346921,-0.3077652304961567,-0.0371248929253436,0.013183614745823115,0.013333428549752923,44.81610512820513,-0.07339498588577698
-38000,-76000,84.970583144992,-116.56505117707799,12,84.97,88,4,45.77528273670455,0.4129616933628987,-0.12073153821012551,0.007638095716800578,-0.13594092987860185,-0.10552214654164917,6.944733023005765e-26,2.1313146174052173e-25,45.74535357142857,-0.029929165275973446
38000,-76000,84.970583144992,-63.43494882292201,12,84.97,88,5,45.60315271693182,0.38401884920445545,-0.10837298487456887,0.007625115627747613,-0.12355652988366596,-0.09318943986547178,3.158866958975801e-23,3.904710546511754e-23,45.5663313253012,-0.036821391630617484
76000,-38000,84.970583144992,-26.56505117707799,12,84.97,88,9,44.76606582727273,0.39300932395839794,-0.10899937179328416,0.0075438454823891915,-0.12402108726822245,-0.09397765631834587,1.2498748978167655e-23,1.6854373622074563e-23,44.71420253164557,-0.05186329562716452
76000,38000,84.970583144992,26.56505117707799,12,84.97,88,7,43.57074523477272,0.43311771881933714,-0.1223562028178768,0.007992736467981612,-0.13827177444092623,-0.10644063119482738,4.5406186663691445e-25,9.621787173972712e-25,43.589637037037036,0.01889180226431364
38000,76000,84.970583144992,63.43494882292201,12,84.97,88,0,42.98687386363636,0.4297412960060354,-0.12451856606923085,0.007672602931938511,-0.1397966703815232,-0.1092404617569385,1.4476396943519138e-26,6.441996639866017e-26,42.98687386363636,0.0
-38000,76000,84.970583144992,116.56505117707799,12,84.97,88,0,43.15305681818182,0.458662448138376,-0.13171079616510445,0.008384887560623229,-0.14840724037503283,-0.11501435195517606,1.0037839700468709e-25,2.9778924444723837e-25,43.15305681818182,0.0
-76000,38000,84.970583144992,153.434948822922,12,84.97,88,4,43.90654845443182,0.5134924482399115,-0.15275175703296678,0.008293677717983599,-0.16926657924283633,-0.13623693482309723,6.11688803273484e-30,3.0719299647519305e-28,43.92637380952381,0.019825355091988683
-76000,-57000,95.0,-143.13010235415598,13,95.0,88,0,50.95295340909092,0.581248871450911,-0.1732832847020021,0.010008386894566667,-0.19321252909655548,-0.15335404030744873,2.8613731577697357e-28,2.546622110415065e-27,50.95295340909092,0.0
-57000,-76000,95.0,-126.86989764584402,13,95.0,88,0,51.24600909090909,0.5545314390797872,-0.163921533972531,0.009932603962245972,-0.1836998752700054,-0.14414319267505663,5.291883693376674e-27,2.6165424928362443e-26,51.24600909090909,0.0
0,-95000,95.0,-90.0,13,95.0,88,0,51.38348068181819,0.4882317004258116,-0.14228471029599926,0.009291786917492328,-0.16078702183646815,-0.12378239875553038,4.46309941603681e-25,9.621787173972712e-25,51.38348068181818,-1.4210854715202004e-14
57000,-76000,95.0,-53.13010235415598,13,95.0,88,0,50.99034886363636,0.4737225935406477,-0.13132963734893785,0.009578766498825955,-0.15040339824212404,-0.11225587645575166,2.3224493789279004e-22,2.616430312969407e-22,50.99034886363636,0.0
76000,-57000,95.0,-36.86989764584402,13,95.0,88,0,50.60533295454545,0.4882084835234573,-0.13559509795752367,0.009704958192565453,-0.15492013861553014,-0.1162700572995172,8.193479491756038e-23,9.722928996883832e-23,50.60533295454545,0.0
95000,0,95.0,0.0,13,95.0,88,0,49.625332954545456,0.5131078020140822,-0.1453383326386404,0.009828783712098806,-0.16490994140667892,-0.1257667238706019,3.353547219169139e-24,5.450087294768676e-24,49.625332954545456,0.0
76000,57000,95.0,36.86989764584402,13,95.0,88,3,48.774758298181816,0.554925121866156,-0.1579705760117122,0.010392674024687742,-0.17866503384321034,-0.13727611818021404,6.857124795482458e-25,1.3561869039954195e-24,48.74682235294118,-0.027935945240635363
57000,76000,95.0,53.13010235415598,13,95.0,88,9,48.37256035386363,0.5797511360695049,-0.16767664336477575,0.010863421753831847,-0.18930847968105122,-0.14604480704850029,2.8094611323582726e-25,6.94561224388573e-25,48.30278101265823,-0.06977934120540397
0,95000,95.0,90.0,13,95.0,88,10,48.13760208170454,0.6225669747312343,-0.18471146149649642,0.012163594294571863,-0.20893227209928372,-0.16049065089370912,7.2496791529446e-25,1.4026553143740639e-24,48.175015384615385,0.037413302910842106
-57000,76000,95.0,126.86989764584402,13,95.0,88,4,48.77263253420454,0.6435453373167985,-0.1930061974748215,0.01096883814931547,-0.21484794465194973,-0.17116445029769328,1.0564331692213072e-28,1.044695022896626e-27,48.73795119047619,-0.03468134372835152
-76000,57000,95.0,143.13010235415598,13,95.0,88,0,49.2125125,0.6529236847578861,-0.19478436848690994,0.011028047156446617,-0.21674401585973463,-0.17282472111408526,8.3564145923085e-29,9.296511233943206e-28,49.2125125,0.0
-95000,0,95.0,180.0,13,95.0,88,0,50.11109204545455,0.6342462869144239,-0.19079069612342647,0.010611899608489479,-0.2119216878622514,-0.16965970438460154,2.7723120393500924e-29,6.168394287553956e-28,50.11109204545455,0.0
-95000,-19000,96.88137075826292,-168.6900675259798,14,96.88,88,0,50.07723181818182,0.5302854558849348,-0.13880407669866562,0.012137941073115398,-0.16297380521147187,-0.11463434818585938,2.867095738938447e-18,3.0020178913590795e-18,50.07723181818182,0.0
-19000,-95000,96.88137075826292,-101.30993247402021,14,96.88,88,0,51.48930681818181,0.5631797023991165,-0.16495498957903384,0.010569643425801769,-0.18600183850834956,-0.14390814064971813,1.470527490024298e-25,3.96596807915644e-25,51.489306818181824,1.4210854715202004e-14
19000,-95000,96.88137075826292,-78.69006752597979,14,96.88,88,0,51.58269659090909,0.5824857349047744,-0.17147857440604558,0.011162090877870592,-0.19370513692833,-0.14925201188376117,3.6963782588396725e-25,8.657306974650813e-25,51.58269659090909,0.0
95000,-19000,96.88137075826292,-11.309932474020213,14,96.88,88,0,50.468640909090915,1.3597293141403173,-0.1160793830763232,0.051727963417714136,-0.21908291759633602,-0.013075848556310388,0.027702739401204327,0.027702739401204327,50.46864090909091,-7.105427357601002e-15
95000,19000,96.88137075826292,11.309932474020213,14,96.88,88,0,50.00098522727273,0.6417994798283909,-0.18483099624847832,0.011899624387871238,-0.20852617561429773,-0.1611358168826589,1.9433192251363e-25,4.941583172489448e-25,50.00098522727273,0.0
19000,95000,96.88137075826292,78.69006752597979,14,96.88,88,13,48.03976166443181,0.6284420693367103,-0.1777619880392229,0.01167200855103678,-0.20100392636948572,-0.1545200497089601,6.125587637760707e-25,1.2390393176379612e-24,48.08116533333333,0.04140366890152336
-19000,95000,96.88137075826292,101.30993247402021,14,96.88,88,10,47.79282189136364,0.5836450598625678,-0.16226305466948537,0.011763720745419334,-0.18568761530992314,-0.1388384940290476,1.6662860568935695e-22,1.9012751161990728e-22,47.80494871794872,0.012126826585081574
-95000,19000,96.88137075826292,168.6900675259798,14,96.88,88,3,49.354416818295455,0.5393999840475872,-0.12818930065114587,0.013396961564760727,-0.1548660592518249,-0.10151254205046682,9.670686573835676e-15,9.893001207716956e-15,49.33280117647058,-0.021615641824872966
