feature,lot8,other_mean,other_std,z
moriInnerCurrent__range,1.024432373046875,0.025795423719618054,0.0003778667468730483,2642.828345154088
HeliumBPPressure__range,1.5155892372131348,0.01947286393907335,0.000773992371794694,1932.9859411985458
Gas1Flow__range,15.245000007748605,0.30758703384065506,0.04910210279185698,304.2112684507098
SourceRFTuningCapacitor__mean,3.014501428604126,3.0076872772640653,3.513665200736228e-05,193.93285787823538
SourceRFTuningCapacitor__slope,3.284445456848367e-05,7.350672783905447e-05,3.6318288660923193e-07,-111.9608736254182
SourceRFTuningCapacitor__std,0.24716502726078032,0.2316192446483506,0.00021008159507736259,73.99878417100264
SourceRF2TuningCapacitor__mean,1.9351118206977844,1.9435869380279824,0.00011874440358040452,-71.37277273416359
HeliumBPPressure__mean,14.247739124298096,14.378388072826246,0.001937479672645599,-67.4324228391775
moriInnerCurrent__mean,9.750961399078369,9.821887729786061,0.0011227314774768557,-63.173013432461175
HeliumBPPressure__slope,-0.0018454954738907452,-0.002739891486966341,1.7148908393444676e-05,52.154690698417085
SourceRF2TuningCapacitor__std,0.24235710948705674,0.2307158140120683,0.00022597293710045088,51.51632591213156
HeliumBPPressure__std,3.1451006650924684,2.9416390445497305,0.005167520006296016,39.37316552134175
moriInnerCurrent__std,1.472165048122406,1.32049284113778,0.0040616312152899,37.342683012101155
Gas1Flow__slope,0.016973767160518086,0.019626649205733718,7.338893293797833e-05,-36.14825749623049
SourceRF2TuningCapacitor__slope,4.817976064846926e-06,-4.737384278475501e-05,1.5254825299267761e-06,34.21331796707444
Pressure__std,0.009826166834682227,0.009228691710504115,2.2428191337705956e-05,26.639469727264437
moriInnerCurrent__slope,0.0005657142306444912,0.00016556261575249677,1.520125907408799e-05,26.32358365459946
Pressure__mean,0.039988591149449346,0.04055527298262826,2.389120026166555e-05,-23.719270148523236
Pressure__slope,4.384222948972398e-06,5.373910735068351e-07,1.8358152563399138e-07,20.954351818249055
Gas1Flow__std,35.57999725341797,34.93345760769315,0.031884827620756624,20.277344868062972
Gas4Flow__std,120.89868850708008,121.74497364185474,0.06969370438680177,-12.142920830807865
Gas5Flow__mean,399.67217407226565,406.7366044786242,0.6386599499151947,-11.061333041623502
Gas4Flow__mean,70.0304328918457,71.2211826465748,0.1082563970932847,-10.999347721715017
PlatenRFLoadPower__mean,40.1190902709961,40.78458684285482,0.06328478854627273,-10.515901011064065
Gas4Flow__slope,-0.030996077649963066,-0.04107077797696256,0.0011422409227827993,8.820118528457968
Gas5Flow__std,273.29046630859375,271.0991656268085,0.2630311754765524,8.330954221738653
PlatenRFTuningCapacitor__slope,-0.004902338446908481,-0.005433453065007079,6.498857288256794e-05,8.172430852702425
PlatenRFLoadPower__std,23.388916969299316,23.036914811310943,0.043436798322737176,8.10377770877547
PlatenRFLoadPower__slope,0.008820973470310023,0.003971323918436296,0.0006054153635040202,8.010450088027083
Gas1Flow__mean,7.579266738891602,7.243915474856341,0.04206533543201003,7.972152381318507
SourceRFLoadPower__mean,2533.29326171875,2577.812591326678,5.6220364595197765,-7.918719476204009
Gas5Flow__slope,0.10971129047910375,0.06294931620240335,0.006157619724094177,7.594164039348723
PlatenRFPeakToPeak__std,238.60069580078124,232.29003041585287,0.8470884785193755,7.449830265616139
ForeLinePressure__slope,0.026552160232931436,0.014763022817681742,0.001597412040679678,7.380148086422066
SourceRFPeakToPeak__slope,0.9801639556086764,0.6371282922044789,0.04952786214301585,6.92611488890139
PlatenRFPeakToPeak__mean,514.0352844238281,523.5840846308956,1.3846838335749798,-6.8960147981322315
PlatenRFPeakToPeak__slope,0.1353598394784886,0.07314905500034272,0.009201483239942711,6.760951778740967
ForeLinePressure__std,36.81041259765625,35.04642598187482,0.2618033479127971,6.737830626860403
PlatenRFLoadCapacitor__slope,0.04241672411977525,0.033171049597603856,0.0014584329841788903,6.339457913026276
SourceRFPeakToPeak__mean,3001.23837890625,3048.1159758391204,7.439280497292708,-6.301361663931072
SourceRFLoadPower__slope,0.8031599938439152,0.505273917899226,0.04764277357526823,6.252492321297692
SourceRFPeakToPeak__std,874.0341430664063,809.149468089916,10.462833920699744,6.201443649805237
SourceRFLoadPower__std,773.9554016113282,720.269169334129,10.258710657836065,5.233233889503576
PlatenRFLoadCapacitor__std,17.292998695373534,14.514387596978082,0.6025381132233575,4.611510935849192
SourceRFReflectedPower__slope,-0.042160663465878795,-0.05731135641950469,0.003508047396646022,4.318839297357039
PlatenRFLoadCapacitor__mean,84.23116760253906,85.55271312572339,0.31960348242484693,-4.134953452815023
PlatenRFReflectedPower__slope,-0.002189012840911628,-0.002765430072547832,0.00014242815382808785,4.047073672891564
Pressure__range,0.030496500073932092,0.028104462944385025,0.0006918782571051136,3.4573092953601186
PlatenRFLoadCapacitor__range,47.78727172851562,40.56466948473895,2.6158307683955573,2.761112198480147
HeliumBPFlow__range,0.2035096126794814,0.09128696505670192,0.041452891514867474,2.707233283896004
PlatenRFLoadPower__range,79.68146209716797,79.5169436702022,0.06285047125222734,2.6176164424533273
ForeLinePressure__range,90.46754104614257,86.10966996934678,1.8006003492098759,2.4202322734792716
Heater2Temp__slope,0.000660326028838694,0.0008872940294509873,9.392233309076775e-05,-2.4165498571351334
Gas7Flow__slope,2.0308345478617014e-05,-4.699807873519465e-06,1.0400985991943705e-05,2.404402176053987
PlatenRFTuningCapacitor__mean,28.609442710876465,28.681142482051143,0.0302746394996095,-2.3683113113734464
Gas7Flow__range,0.13400005102157592,0.12504630817307366,0.0046990848664440615,1.9054226733465705
ForeLinePressure__mean,125.91303253173828,127.19816154197412,0.6781938601865651,-1.8949287005964743
Heater4Temp__mean,59.217916107177736,59.769927766588,0.29779768019210473,-1.853646606831079
HeliumBPFlow__slope,-0.0003186512460056996,-0.00041012088070287915,5.381155434387428e-05,1.6998140234466599
Gas7Flow__std,0.040425822138786316,0.03842852250155475,0.0012507388787644663,1.596895779880598
PlatenRFReflectedPower__mean,3.283961319923401,3.3752117589667985,0.058358400733210865,-1.563621310675645
Gas2Flow__std,0.1206823617219925,0.11521347253410903,0.003629420063206064,1.5068217766594083
SourceRFReflectedPower__range,432.5359405879303,426.71844240888123,4.243004750671763,1.3710798174638046
PlatenDcBias__std,12.538766002655029,10.898882163012468,1.219936505056816,1.3442370425386907
Gas2Flow__mean,4.203417634963989,4.09310968540333,0.08417485686348872,1.3104619796330867
PlatenDcBias__slope,-0.0017811259833143602,-0.0024808830846540127,0.0005420798759444422,1.2908745230958742
Gas2Flow__range,0.3919999599456787,0.3763518374937551,0.01230205589795439,1.271992468716192
SourceRFReflectedPower__mean,137.99480590820312,139.5567017731843,1.2439811644884808,-1.2555623104015612
Heater3Temp__slope,-3.131310306848464e-06,6.236441779253532e-06,7.586352184172018e-06,-1.234816399065502
HeliumBPFlow__mean,1.2680493593215942,1.3911539510444362,0.10740502877923822,-1.1461715817410452
PlatenDcBias__range,41.9382307100296,35.76357325077056,5.428900001861145,1.1373680593015585
Heater1Temp__mean,1371.0073364257812,1371.0077903464987,0.0004151842006526665,-1.0932995928191045
Heater2Temp__range,0.5100013732910156,0.5607408029061777,0.048527894263784746,-1.0455724565206976
SourceRFPeakToPeak__range,3362.652227783203,3165.3417236328123,213.6219364130418,0.923643458454976
SourceRFLoadPower__range,2799.835205078125,2700.11378499349,111.33085702931781,0.8957213008642749
SourceRF2PeakToPeak__mean,0.10339278876781463,0.11761010922491552,0.016321945304166755,-0.871055514042889
SourceRF2PeakToPeak__std,2.299227273464203,2.4477790660328336,0.17561689885985055,-0.8458855243035638
Heater2Temp__mean,54.92352142333984,54.65378287986473,0.32603791748004973,0.8273226180559792
PlatenDcBias__mean,3.687627577781677,3.4340602415579338,0.3673528190070348,0.6902555883718088
Heater2Temp__std,0.1898656167089939,0.20303976828301395,0.02007855309587049,-0.6561305245012673
Heater1Temp__slope,3.2162321822281846e-06,6.124867199338798e-07,4.546809654004762e-06,0.572653280086393
SourceRFReflectedPower__std,180.54745025634764,179.83756900363497,1.4042505621752415,0.5055232106249199
PlatenRFTuningCapacitor__std,3.917051649093628,3.908596650759379,0.01691019899941156,0.4999940174886899
Heater4Temp__slope,0.00016666471610523237,0.00017356367589015372,1.471725547556218e-05,-0.4687667341493793
EpdIntensity__slope,-0.016541669146062178,-0.018196535955720055,0.0035553068463152517,0.4654638491676166
Gas7Flow__mean,2.04250750541687,2.0588323782991482,0.03594429962092201,-0.454171400039628
Heater1Temp__std,0.035673663392663,0.035426405417146506,0.0005691150522763225,0.43446043911072574
PlatenRFPeakToPeak__range,859.4962994384765,860.137931608977,1.47903660458135,-0.4338176408298974
Gas2Flow__slope,4.386497951674389e-05,2.1836077415517897e-05,5.188107955292814e-05,0.4246037725323835
PlatenRFReflectedPower__range,16.797921514511106,16.664420077182616,0.34447654903229347,0.3875486958503388
EpdIntensity__mean,1.9862748458981514,2.1362040287090673,0.39326905622837915,-0.3812381890627293
EpdIntensity__std,11.975157579001962,12.910444502667287,2.5676855403179735,-0.364252907522898
Heater3Temp__mean,10.168771266937256,10.172706551022,0.010993402974716059,-0.357967782477761
HeliumBPFlow__std,0.39814417660236356,0.40246315421881496,0.014200892415947446,-0.30413423959195884
SourceRF2PeakToPeak__slope,-2.5144094411954947e-05,-4.4736601376178544e-05,8.502087585524694e-05,0.23044348540446696
Heater3Temp__range,0.07999954223632813,0.08349957678053073,0.017182770193164252,-0.2036944278981862
Heater4Temp__range,0.26000022888183594,0.26296215763798464,0.015674125645614323,-0.18896931306515719
Heater3Temp__std,0.03499173326417804,0.03587644148803385,0.004972592602217799,-0.17791689258058863
PlatenRFTuningCapacitor__range,4.6736047744750975,4.697407222323947,0.15167897707137665,-0.15692647925525338
PlatenRFReflectedPower__std,7.992307329177857,8.02796070487411,0.2402437131559562,-0.14840503099079236
Heater4Temp__std,0.0807168260216713,0.08084523194917925,0.002693124817960387,-0.047679159410518694
