quantity,mean_9,mean_89,offset,sd,se,ratio,coord_spread
preox_thickness,1.0016403348554033,1.0017592672435311,0.00011893238812785319,0.003620295372581947,0.00014124117453194468,1.0001187376186733,
postox_thickness,0.38306803652968036,0.34199015355859974,-0.04107788297108067,0.08468478249076478,0.0033038680309246337,0.8927660909972637,
stepheight,40.85478706240487,41.91643881278539,1.0616517503805178,0.04706857608214846,0.0018363200471810028,1.0259859817347443,
oxide_etch,0.618572298325723,0.6597691136864536,0.04119681536073059,0.08473664484373426,0.00330589137402058,1.0665998388098483,
si_etch,40.23621476407915,41.574448659208514,1.3382338951293757,0.1091134950869207,0.004256922879850852,1.033259438120011,
"si_etch (공표, 공식 불일치)",,,1.3382338951293757,0.1091134950869207,0.004256922879850852,,0.31780684931506786
si_etch (둘 다 9점 공식),,,1.020454935019787,0.09073483906663299,0.0035399032183383366,,0.2088191179452049
si_etch (둘 다 89점 공식),,,1.1027296333515983,0.10257158836600856,0.004001698790695641,,0.2550452054794521
stepheight (raw 계측량),,,1.0616517503805178,0.04706857608214846,0.0018363200471810028,,0.14427945205479387
