tol_pct,9pt_웨이퍼평균_단기,9pt_웨이퍼평균_장기,9pt_전측정점,89pt_웨이퍼평균_단기,89pt_웨이퍼평균_장기,89pt_전측정점
0.5,0.3168009280451509,0.19361385616782842,0.06558053212755777,0.2916746826953491,0.18108637735775307,0.020161084821395128
0.6,0.3801611136541811,0.2323366274013941,0.07869663855306931,0.35000961923441887,0.21730365282930367,0.02419330178567415
0.7,0.44352129926321127,0.27105939863495976,0.09181274497858086,0.40834455577348866,0.25352092830085426,0.028225518749953174
0.8,0.5068814848722415,0.30978216986852547,0.10492885140409244,0.46667949231255856,0.28973820377240495,0.032257735714232204
0.9,0.5702416704812716,0.3485049411020911,0.118044957829604,0.5250144288516283,0.3259554792439555,0.036289952678511234
1.0,0.6336018560903018,0.38722771233565684,0.13116106425511553,0.5833493653906981,0.36217275471550614,0.040322169642790257
1.1,0.6969620416993321,0.42595048356922255,0.14427717068062712,0.641684301929768,0.39839003018705677,0.044354386607069286
1.2000000000000002,0.7603222273083623,0.46467325480278826,0.15739327710613865,0.7000192384688378,0.4346073056586074,0.048386603571348316
1.3,0.8236824129173924,0.5033960260363539,0.1705093835316502,0.7583541750079076,0.470824581130158,0.05241882053562733
1.4,0.8870425985264225,0.5421187972699195,0.1836254899571617,0.8166891115469773,0.5070418566017085,0.05645103749990635
1.5,0.9504027841354528,0.5808415685034852,0.19674159638267333,0.8750240480860473,0.5432591320732592,0.06048325446418538
1.6,1.013762969744483,0.6195643397370509,0.2098577028081849,0.9333589846251171,0.5794764075448099,0.06451547142846441
1.7000000000000002,1.0771231553535132,0.6582871109706167,0.22297380923369645,0.991693921164187,0.6156936830163605,0.06854768839274343
1.8,1.1404833409625432,0.6970098822041823,0.236089915659208,1.0500288577032566,0.651910958487911,0.07257990535702247
1.9000000000000001,1.2038435265715735,0.735732653437748,0.2492060220847195,1.1083637942423268,0.6881282339594618,0.07661212232130149
2.0,1.2672037121806037,0.7744554246713137,0.26232212851023107,1.1666987307813963,0.7243455094310123,0.08064433928558051
2.1,1.3305638977896337,0.8131781959048793,0.27543823493574265,1.2250336673204663,0.7605627849025629,0.08467655624985954
2.2,1.3939240833986641,0.8519009671384451,0.28855434136125424,1.283368603859536,0.7967800603741135,0.08870877321413857
2.3,1.4572842690076941,0.8906237383720107,0.3016704477867657,1.3417035403986055,0.832997335845664,0.09274099017841758
2.4000000000000004,1.5206444546167246,0.9293465096055765,0.3147865542122773,1.4000384769376757,0.8692146113172148,0.09677320714269663
2.5,1.5840046402257546,0.968069280839142,0.3279026606377888,1.4583734134767452,0.9054318867887652,0.10080542410697564
2.6,1.6473648258347848,1.0067920520727078,0.3410187670633004,1.5167083500158152,0.941649162260316,0.10483764107125466
2.7,1.710725011443815,1.0455148233062734,0.354134873488812,1.5750432865548851,0.9778664377318667,0.10886985803553369
2.8000000000000003,1.774085197052845,1.084237594539839,0.3672509799143236,1.633378223093955,1.0140837132034175,0.11290207499981274
2.9000000000000004,1.8374453826618753,1.1229603657734049,0.3803670863398351,1.691713159633025,1.050300988674968,0.11693429196409176
3.0,1.9008055682709055,1.1616831370069705,0.39348319276534666,1.7500480961720946,1.0865182641465183,0.12096650892837076
3.1,1.9641657538799355,1.200405908240536,0.40659929919085813,1.8083830327111643,1.122735539618069,0.12499872589264979
3.2,2.027525939488966,1.2391286794741019,0.4197154056163698,1.8667179692502343,1.1589528150896198,0.12903094285692882
3.3000000000000003,2.0908861250979958,1.2778514507076675,0.43283151204188125,1.9250529057893038,1.1951700905611702,0.13306315982120787
3.4000000000000004,2.1542463107070264,1.3165742219412333,0.4459476184673929,1.983387842328374,1.231387366032721,0.13709537678548686
3.5,2.217606496316056,1.355296993174799,0.45906372489290437,2.0417227788674435,1.2676046415042714,0.14112759374976588
3.6,2.2809666819250864,1.3940197644083645,0.472179831318416,2.100057715406513,1.303821916975822,0.14515981071404493
3.7,2.3443268675341167,1.4327425356419303,0.4852959377439275,2.1583926519455834,1.340039192447373,0.14919202767832393
3.8000000000000003,2.407687053143147,1.471465306875496,0.498412044169439,2.2167275884846536,1.3762564679189235,0.15322424464260298
3.9000000000000004,2.4710472387521767,1.5101880781090615,0.5115281505949506,2.275062525023723,1.412473743390474,0.157256461606882
4.0,2.5344074243612074,1.5489108493426273,0.5246442570204621,2.3333974615627926,1.4486910188620246,0.16128867857116103
4.1,2.597767609970237,1.587633620576193,0.5377603634459737,2.3917323981018623,1.484908294333575,0.16532089553544005
4.2,2.6611277955792674,1.6263563918097586,0.5508764698714853,2.4500673346409325,1.5211255698051258,0.16935311249971907
4.300000000000001,2.724487981188298,1.6650791630433246,0.5639925762969968,2.5084022711800023,1.5573428452766767,0.17338532946399812
4.4,2.7878481667973283,1.7038019342768902,0.5771086827225085,2.566737207719072,1.593560120748227,0.17741754642827715
4.5,2.8512083524063576,1.7425247055104556,0.5902247891480199,2.6250721442581417,1.6297773962197777,0.18144976339255614
4.6000000000000005,2.9145685380153887,1.7812474767440216,0.6033408955735315,2.683407080797212,1.6659946716913283,0.18548198035683516
4.7,2.977928723624418,1.819970247977587,0.6164570019990431,2.7417420173362816,1.702211947162879,0.1895141973211142
4.8,3.0412889092334487,1.8586930192111528,0.6295731084245545,2.800076953875351,1.7384292226344293,0.1935464142853932
4.9,3.104649094842479,1.8974157904447184,0.6426892148500661,2.858411890414421,1.7746464981059802,0.19757863124967223
5.0,3.168009280451509,1.936138561678284,0.6558053212755776,2.9167468269534904,1.8108637735775304,0.20161084821395128
5.1000000000000005,3.2313694660605394,1.9748613329118498,0.6689214277010893,2.9750817634925606,1.8470810490490814,0.20564306517823033
5.2,3.2947296516695697,2.0135841041454157,0.6820375341266008,3.0334167000316303,1.883298324520632,0.20967528214250933
5.300000000000001,3.3580898372785994,2.052306875378981,0.6951536405521125,3.091751636570701,1.919515599992183,0.21370749910678838
5.4,3.42145002288763,2.091029646612547,0.708269746977624,3.1500865731097702,1.9557328754637333,0.21773971607106737
5.5,3.4848102084966595,2.1297524178461122,0.7213858534031354,3.20842150964884,1.991950150935284,0.2217719330353464
5.6000000000000005,3.54817039410569,2.168475189079678,0.7345019598286472,3.26675644618791,2.028167426406835,0.22580414999962548
5.7,3.6115305797147204,2.207197960313244,0.7476180662541586,3.3250913827269795,2.064384701878385,0.22983636696390444
5.800000000000001,3.6748907653237506,2.2459207315468097,0.7607341726796703,3.38342631926605,2.100601977349936,0.23386858392818352
5.9,3.7382509509327804,2.284643502780375,0.7738502791051817,3.441761255805119,2.1368192528214864,0.2379008008924625
6.0,3.801611136541811,2.323366274013941,0.7869663855306933,3.500096192344189,2.1730365282930366,0.2419330178567415
6.1000000000000005,3.8649713221508413,2.3620890452475067,0.8000824919562048,3.558431128883259,2.2092538037645872,0.2459652348210206
6.2,3.928331507759871,2.400811816481072,0.8131985983817163,3.6167660654223286,2.245471079236138,0.24999745178529958
6.300000000000001,3.991691693368902,2.4395345877146384,0.8263147048072279,3.6751010019613988,2.281688354707689,0.2540296687495786
6.4,4.055051878977932,2.4782573589482038,0.8394308112327395,3.7334359385004685,2.3179056301792396,0.25806188571385763
6.5,4.118412064586962,2.516980130181769,0.8525469176582511,3.791770875039538,2.3541229056507897,0.26209410267813665
6.6000000000000005,4.1817722501959915,2.555702901415335,0.8656630240837625,3.8501058115786075,2.3903401811223404,0.26612631964241573
6.7,4.245132435805022,2.594425672648901,0.8787791305092741,3.9084407481176773,2.426557456593891,0.27015853660669475
6.800000000000001,4.308492621414053,2.6331484438824666,0.8918952369347858,3.966775684656748,2.462774732065442,0.2741907535709737
6.9,4.371852807023083,2.671871215116032,0.9050113433602972,4.025110621195818,2.4989920075369927,0.27822297053525274
7.0,4.435212992632112,2.710593986349598,0.9181274497858087,4.083445557734887,2.535209283008543,0.28225518749953177
7.1000000000000005,4.498573178241143,2.7493167575831636,0.9312435562113204,4.141780494273957,2.5714265584800935,0.28628740446381085
7.2,4.561933363850173,2.788039528816729,0.944359662636832,4.200115430813026,2.607643833951644,0.29031962142808987
7.300000000000001,4.625293549459204,2.826762300050295,0.9574757690623434,4.258450367352097,2.643861109423195,0.29435183839236884
7.4,4.688653735068233,2.8654850712838607,0.970591875487855,4.316785303891167,2.680078384894746,0.29838405535664786
7.5,4.752013920677263,2.904207842517426,0.9837079819133666,4.375120240430236,2.716295660366296,0.3024162723209269
7.6000000000000005,4.815374106286294,2.942930613750992,0.996824088338878,4.433455176969307,2.752512935837847,0.30644848928520596
7.7,4.878734291895324,2.9816533849845577,1.0099401947643896,4.491790113508375,2.7887302113093972,0.310480706249485
7.800000000000001,4.942094477504353,3.020376156218123,1.0230563011899012,4.550125050047446,2.824947486780948,0.314512923213764
7.9,5.005454663113384,3.059098927451689,1.0361724076154126,4.6084599865865155,2.8611647622524985,0.31854514017804303
8.0,5.068814848722415,3.0978216986852547,1.0492885140409243,4.666794923125585,2.897382037724049,0.32257735714232205
