lot_number,wafer_number,date,experiment_key,n_points,si_etch_mean,si_etch_std,si_etch_min,si_etch_max,oxide_etch_mean,oxide_etch_std,stepheight_mean,preox_mean,postox_mean,si_etch_range,si_nu_pct,si_cv_pct,selectivity,n_wafers_planned,measurements,cond_rep,cond_type,cond_label
1,1,2024-07-02,2024-07-02_01,9,40.817,1.0380920515541983,39.3717,42.7924,0.6323222222222222,0.05653049570315517,41.44932222222222,1.000688888888889,0.3683666666666667,3.4207000000000036,4.190288360242061,2.5432835621290106,64.55094976190058,10,89 & 9 points,3,Chuck,Chuck_3x
1,2,2024-07-02,2024-07-02_02,9,40.614200000000004,1.0229303348713414,39.152,42.5551,0.6309111111111112,0.05500591887343678,41.245111111111115,1.0005,0.36958888888888886,3.403100000000002,4.189544543534037,2.518651936690471,64.37388609066254,10,89 & 9 points,3,Chuck,Chuck_3x
1,3,2024-07-02,2024-07-02_03,9,40.76216666666667,1.0237989023729221,39.3005,42.6863,0.6279444444444445,0.055097983427506506,41.39011111111111,1.0001666666666666,0.37222222222222223,3.3858000000000033,4.153115838624872,2.5116400478538234,64.91365124303283,10,89 & 9 points,3,Chuck,Chuck_3x
1,4,2024-07-02,2024-07-02_04,9,40.519666666666666,1.0273499391638647,39.0666,42.5306,0.6221333333333333,0.05488132651458056,41.1418,0.999788888888889,0.3776555555555555,3.4639999999999986,4.274467542510219,2.5354353174109643,65.13019717102443,10,89 & 9 points,3,Chuck,Chuck_3x
1,5,2024-07-02,2024-07-02_05,9,40.10752222222222,1.0216316126395275,38.6662,42.0905,0.6136555555555555,0.053963647743437246,40.721177777777775,0.9996111111111112,0.3859555555555556,3.4242999999999952,4.268899959747085,2.5472319306563294,65.3583624545076,10,89 & 9 points,3,Chuck,Chuck_3x
1,6,2024-07-02,2024-07-02_06,9,40.264155555555554,1.0346086000405073,38.813,42.2801,0.6136777777777778,0.05441644461414624,40.87783333333333,0.9996222222222223,0.3859444444444444,3.467099999999995,4.305442337187688,2.5695524611536387,65.61123282214699,10,89 & 9 points,3,Chuck,Chuck_3x
1,7,2024-07-02,2024-07-02_07,9,40.13124444444444,1.0354355787675913,38.6888,42.1817,0.6106555555555555,0.05481450791330499,40.7419,0.9996666666666667,0.38901111111111114,3.492899999999999,4.351846109376677,2.58012327577081,65.71829909568952,10,89 & 9 points,3,Chuck,Chuck_3x
1,8,2024-07-02,2024-07-02_08,9,39.79421111111111,1.027709689606513,38.4364,41.8354,0.6043444444444445,0.053735512259378136,40.398555555555554,0.9987333333333334,0.3943888888888889,3.399000000000001,4.270721676715124,2.582560781860962,65.84690481881194,10,89 & 9 points,3,Chuck,Chuck_3x
1,9,2024-07-02,2024-07-02_09,9,40.0573,1.0222339898477246,38.6399,42.0554,0.6064333333333333,0.05436460245417052,40.66373333333333,0.9985777777777778,0.39214444444444446,3.4155000000000015,4.263267868777978,2.5519293358457125,66.05392183806958,10,89 & 9 points,3,Chuck,Chuck_3x
1,10,2024-07-02,2024-07-02_10,9,40.01148888888889,1.0198561766793928,38.612,42.0128,0.6054222222222223,0.05368835483086109,40.616911111111115,0.9981555555555555,0.3927333333333334,3.4007999999999967,4.249779368925699,2.5489083385812337,66.08856996035824,10,89 & 9 points,3,Chuck,Chuck_3x
2,1,2024-07-05,2024-07-05_01,9,40.67755555555556,1.0310832169508812,39.3174,42.7074,0.6252777777777778,0.055911264021165225,41.30283333333333,0.9977666666666667,0.3724888888888889,3.3900000000000006,4.166917054996204,2.534771824090252,65.05517547756553,10,89 & 9 points,1,Chuck,Chuck_1x
2,2,2024-07-05,2024-07-05_02,9,40.748666666666665,1.0345609866025296,39.4112,42.82,0.6292666666666666,0.0557889998117909,41.37793333333333,0.9978,0.3685333333333333,3.4087999999999994,4.182713544819462,2.538883038960448,64.75580040258502,10,89 & 9 points,1,Chuck,Chuck_1x
2,3,2024-07-05,2024-07-05_03,9,40.55758888888889,1.0197647466995086,39.2271,42.5961,0.6223777777777778,0.05533420682041484,41.17996666666667,0.9972555555555557,0.37487777777777775,3.3689999999999998,4.153353407212734,2.5143623539684388,65.16554789873959,10,89 & 9 points,1,Chuck,Chuck_1x
2,4,2024-07-05,2024-07-05_04,9,40.09654444444445,1.0030139095634638,38.7944,42.1037,0.6141444444444444,0.05482661559660397,40.71068888888889,0.9970222222222223,0.38287777777777776,3.3093000000000004,4.1266648359002405,2.501497132634919,65.28845910299786,10,89 & 9 points,1,Chuck,Chuck_1x
2,5,2024-07-05,2024-07-05_05,9,40.22003333333333,1.0173047957716521,38.8906,42.2601,0.6123444444444445,0.05489030221977083,40.83237777777778,0.9968333333333332,0.3844888888888889,3.369500000000002,4.1888329282007915,2.5293484650807985,65.68204169766472,10,89 & 9 points,1,Chuck,Chuck_1x
2,6,2024-07-05,2024-07-05_06,9,40.10883333333334,1.0227198541145062,38.7916,42.1608,0.6098,0.05463707532436195,40.71863333333333,0.9971555555555555,0.38735555555555556,3.3691999999999993,4.200072303274839,2.5498618860712465,65.7737509565978,10,89 & 9 points,1,Chuck,Chuck_1x
2,7,2024-07-05,2024-07-05_07,9,39.994011111111114,1.0322444107918953,38.6642,42.0934,0.6075,0.05503049154786825,40.60151111111111,0.9969666666666667,0.3894666666666667,3.4292000000000016,4.287141880409319,2.5809974596549474,65.83376314586191,10,89 & 9 points,1,Chuck,Chuck_1x
2,8,2024-07-05,2024-07-05_08,9,39.6867,1.0134953416271848,38.3685,41.7236,0.6023888888888889,0.055382114541710215,40.28908888888889,0.9966222222222222,0.3942333333333333,3.3551,4.226982843118727,2.553740526743682,65.88219127547727,10,89 & 9 points,1,Chuck,Chuck_1x
2,9,2024-07-05,2024-07-05_09,9,39.89678888888889,1.0195255813912225,38.5719,41.9445,0.6042222222222222,0.0554417211533376,40.50101111111111,0.9963555555555555,0.39213333333333333,3.3725999999999985,4.22665594641284,2.5554076149601017,66.02999264435455,10,89 & 9 points,1,Chuck,Chuck_1x
2,10,2024-07-05,2024-07-05_10,9,39.84101111111111,1.0185826002888063,38.5168,41.8825,0.6023777777777778,0.05557550669534596,40.44338888888889,0.9962555555555556,0.39387777777777777,3.365699999999997,4.223913884380999,2.5566183484854825,66.13957649315674,10,89 & 9 points,1,Chuck,Chuck_1x
3,1,2024-07-09,2024-07-09_01,9,40.72432222222223,1.0375865949136227,39.3368,42.7286,0.6308,0.05690762251227863,41.35512222222222,0.9962333333333334,0.36543333333333333,3.3918000000000035,4.164341866135693,2.5478302358275666,64.55980060593251,10,89 & 9 points,9,Chuck,Chuck_9x
3,2,2024-07-09,2024-07-09_02,9,40.55747777777778,1.0210681903988783,39.1942,42.5868,0.6342666666666666,0.05516076504183022,41.191744444444446,0.996588888888889,0.3623222222222222,3.3925999999999945,4.182459297134677,2.517583060745314,63.94388970639759,10,89 & 9 points,9,Chuck,Chuck_9x
3,3,2024-07-09,2024-07-09_03,9,40.692055555555555,1.031837048800718,39.311,42.7497,0.6339888888888888,0.055288978206430174,41.32604444444444,1.004388888888889,0.3704,3.438699999999997,4.225271927225759,2.5357211247094265,64.18417778089346,10,89 & 9 points,9,Chuck,Chuck_9x
3,4,2024-07-09,2024-07-09_04,9,40.53012222222222,1.0302822134951382,39.151,42.5907,0.6276444444444444,0.05518186094884605,41.15776666666667,1.0056222222222222,0.3779777777777778,3.439699999999995,4.24338715430032,2.5420160537543253,64.57497167540008,10,89 & 9 points,9,Chuck,Chuck_9x
3,5,2024-07-09,2024-07-09_05,9,40.468555555555554,1.0289563974133107,39.0946,42.5296,0.6244333333333334,0.05498781683245847,41.09298888888889,1.0061333333333333,0.3817,3.4350000000000023,4.244035835779223,2.5426071755903203,64.80844854890655,10,89 & 9 points,9,Chuck,Chuck_9x
3,6,2024-07-09,2024-07-09_06,9,40.21882222222222,1.0218963154079994,38.8598,42.2643,0.6175444444444445,0.05427902705260826,40.83636666666667,1.005088888888889,0.3875444444444444,3.4044999999999987,4.232471032081716,2.54084097679859,65.12700840245417,10,89 & 9 points,9,Chuck,Chuck_9x
3,7,2024-07-09,2024-07-09_07,9,40.117266666666666,1.0232907724591302,38.7708,42.1647,0.6142888888888889,0.05411213922135322,40.73155555555556,1.0051555555555556,0.3908666666666667,3.393900000000002,4.229974125854373,2.5507489853723757,65.30684079152046,10,89 & 9 points,9,Chuck,Chuck_9x
3,8,2024-07-09,2024-07-09_08,9,40.05622222222222,1.019612449386748,38.7341,42.0911,0.6124555555555555,0.05392988761139576,40.66867777777778,1.0048222222222223,0.39236666666666664,3.3569999999999993,4.190360215918736,2.5454533473730625,65.40265960341793,10,89 & 9 points,9,Chuck,Chuck_9x
3,9,2024-07-09,2024-07-09_09,9,39.98883333333333,1.0214281778470737,38.6696,42.046,0.6119111111111111,0.05389838690639182,40.600744444444445,1.0048555555555554,0.3929444444444445,3.3763999999999967,4.221678551929076,2.5542835154324095,65.35072269029634,10,89 & 9 points,9,Chuck,Chuck_9x
3,10,2024-07-09,2024-07-09_10,9,39.584266666666664,1.0048216782096198,38.2873,41.6023,0.6046333333333334,0.05348394618948757,40.188900000000004,1.004711111111111,0.40007777777777775,3.3149999999999977,4.187269689640999,2.538437017593572,65.4682176525718,10,89 & 9 points,9,Chuck,Chuck_9x
4,1,2024-07-11,2024-07-11_01,9,40.72855555555556,1.0150192659638402,39.4005,42.7389,0.6349777777777779,0.057061650383111444,41.36353333333333,1.0040555555555555,0.3690777777777778,3.3384,4.098353052867631,2.492156306843018,64.14170224679779,10,89 & 9 points,3,Si,Si_3x
4,2,2024-07-11,2024-07-11_02,9,40.792388888888894,1.029363109457065,39.4419,42.8406,0.6348222222222222,0.05595133550188451,41.42721111111111,1.0035444444444446,0.36872222222222223,3.398700000000005,4.165850655691495,2.5234195336312966,64.25797248573531,10,89 & 9 points,3,Si,Si_3x
4,3,2024-07-11,2024-07-11_03,9,40.79787777777778,1.0225863078217154,39.4465,42.7985,0.6321444444444445,0.056092136505732956,41.43002222222222,1.0031666666666668,0.3710222222222222,3.3519999999999968,4.108056818859583,2.506469364391078,64.5388536375301,10,89 & 9 points,3,Si,Si_3x
4,4,2024-07-11,2024-07-11_04,9,40.4751,1.0325245336068283,39.1354,42.5503,0.6245555555555556,0.05545421785380964,41.09965555555556,1.0031222222222222,0.37856666666666666,3.414900000000003,4.218519534232161,2.5510116926377657,64.806244440491,10,89 & 9 points,3,Si,Si_3x
4,5,2024-07-11,2024-07-11_05,9,40.4656,1.029108796483633,39.1415,42.5344,0.6228666666666667,0.05545967003147423,41.08846666666667,1.002988888888889,0.38012222222222225,3.3928999999999974,4.192326321616382,2.5431694982494584,64.96671304720111,10,89 & 9 points,3,Si,Si_3x
4,6,2024-07-11,2024-07-11_06,9,40.23047777777778,1.0247946986808822,38.9089,42.2434,0.6156111111111111,0.054736652355721484,40.846088888888886,1.0026111111111111,0.387,3.3344999999999985,4.144246084298165,2.547309292078433,65.35047378395451,10,89 & 9 points,3,Si,Si_3x
4,7,2024-07-11,2024-07-11_07,9,39.83414444444444,1.0136902338869465,38.5333,41.8274,0.6102333333333333,0.05395820141554017,40.444377777777774,1.0024555555555557,0.3922222222222222,3.2941000000000003,4.134769361739636,2.544777220710016,65.27690682981009,10,89 & 9 points,3,Si,Si_3x
4,8,2024-07-11,2024-07-11_08,9,39.780944444444444,1.0150770119935617,38.4681,41.7697,0.6076111111111111,0.05369142027466875,40.388555555555556,1.0021222222222221,0.39451111111111115,3.3016000000000005,4.14972551067862,2.5516664477666042,65.47106153424157,10,89 & 9 points,3,Si,Si_3x
4,9,2024-07-11,2024-07-11_09,9,39.5544,1.0101941211965173,38.2659,41.5766,0.6041222222222222,0.053396834591990947,40.15852222222222,1.0018444444444445,0.3977222222222222,3.310699999999997,4.184995853811456,2.5539361517214703,65.47416821467327,10,89 & 9 points,3,Si,Si_3x
4,10,2024-07-11,2024-07-11_10,9,40.05142222222222,1.0152412986302533,38.7492,42.041,0.6096333333333334,0.054353771718253376,40.661055555555556,1.0013444444444444,0.3917111111111111,3.291799999999995,4.109467051801178,2.534844563065115,65.69755955310113,10,89 & 9 points,3,Si,Si_3x
5,1,2024-07-19,2024-07-19_01,9,40.70607777777778,0.9891366889588347,39.3855,42.6711,0.6325333333333334,0.05691144436754352,41.33861111111111,1.0012777777777777,0.36874444444444443,3.2856000000000023,4.035760971539333,2.4299484080945355,64.35404370432828,10,89 & 9 points,1,Si,Si_1x
5,2,2024-07-19,2024-07-19_02,9,40.2054,0.9975182066007631,38.8714,42.1902,0.6242666666666667,0.055442650549915096,40.82966666666667,1.0013111111111113,0.37704444444444446,3.318799999999996,4.127306282240689,2.481055297548994,64.40420760358819,10,89 & 9 points,1,Si,Si_1x
5,3,2024-07-19,2024-07-19_03,9,40.38415555555556,1.0155201341075333,39.0413,42.4112,0.6238111111111111,0.05587715195955418,41.00796666666667,1.0013222222222222,0.3775111111111111,3.3699000000000012,4.172304649733367,2.5146499168727336,64.73779456031919,10,89 & 9 points,1,Si,Si_1x
5,4,2024-07-19,2024-07-19_04,9,39.942588888888885,1.0012884917001241,38.6182,41.943,0.615588888888889,0.05509667513662791,40.55817777777778,1.0010555555555554,0.3854666666666666,3.324799999999996,4.161973588202841,2.5068192111569907,64.88516867317652,10,89 & 9 points,1,Si,Si_1x
5,5,2024-07-19,2024-07-19_05,9,40.14203333333333,1.0177432964652744,38.8162,42.1766,0.6148111111111111,0.055139310941569715,40.75684444444445,1.000988888888889,0.3861777777777778,3.3603999999999985,4.185637498847839,2.535355615930287,65.29165235935156,10,89 & 9 points,1,Si,Si_1x
5,6,2024-07-19,2024-07-19_06,9,40.00953333333334,1.0179103226709105,38.697,42.0489,0.6119666666666667,0.055038963471344564,40.6215,1.001088888888889,0.3891222222222222,3.3519000000000005,4.18887665106483,2.5441694462925764,65.37861539299527,10,89 & 9 points,1,Si,Si_1x
5,7,2024-07-19,2024-07-19_07,9,39.89673333333334,1.0095548796375577,38.6044,41.9306,0.6097,0.0546318588371291,40.506433333333334,1.0009555555555556,0.3912555555555556,3.3262,4.168511707725444,2.5304198998018825,65.43666283964792,10,89 & 9 points,1,Si,Si_1x
5,8,2024-07-19,2024-07-19_08,9,39.853788888888886,1.0127678898005732,38.5637,41.8895,0.6079777777777777,0.0537356208156605,40.46176666666667,1.0069555555555556,0.39897777777777776,3.325800000000001,4.172501652568376,2.5412085476343,65.5513907672064,10,89 & 9 points,1,Si,Si_1x
5,9,2024-07-19,2024-07-19_09,9,39.914522222222224,1.0180940830514842,38.6214,41.9473,0.6075,0.053836442118698744,40.52202222222222,1.0062777777777778,0.3987777777777778,3.325899999999997,4.166278104850166,2.5506858816530316,65.70291723822588,10,89 & 9 points,1,Si,Si_1x
5,10,2024-07-19,2024-07-19_10,9,39.70741111111111,1.0146815626644206,38.4154,41.7324,0.6038888888888888,0.05369351554062287,40.311299999999996,1.0067555555555556,0.40286666666666665,3.317,4.176802147486042,2.5553959179687937,65.75284268629255,10,89 & 9 points,1,Si,Si_1x
6,1,2024-08-01,2024-08-01_01,9,40.30677777777778,1.0078334594289087,38.9939,42.3241,0.6324222222222222,0.05549287742084066,40.9392,1.0067444444444444,0.3743222222222222,3.330200000000005,4.1310670110623855,2.500406916636622,63.73396816472821,10,89 & 9 points,9,Si,Si_9x
6,2,2024-08-01,2024-08-01_02,9,40.683211111111106,1.0149149427962492,39.3571,42.7061,0.6350777777777777,0.05518065280915444,41.31828888888889,1.0060555555555557,0.3709777777777778,3.3489999999999966,4.1159484570348255,2.494677571110071,64.06020259985654,10,89 & 9 points,9,Si,Si_9x
6,3,2024-08-01,2024-08-01_03,9,40.59878888888889,1.0283220354592801,39.2515,42.651,0.6308666666666667,0.05415784800008211,41.22965555555556,1.004888888888889,0.37402222222222226,3.3995000000000033,4.186701245329982,2.532888452100383,64.35399274366833,10,89 & 9 points,9,Si,Si_9x
6,4,2024-08-01,2024-08-01_04,9,40.43443333333333,1.0294359474974641,39.0793,42.4921,0.6256777777777778,0.05419332933530146,41.06011111111111,1.0052,0.37952222222222226,3.412799999999997,4.220165486017278,2.5459388512038768,64.62501109907478,10,89 & 9 points,9,Si,Si_9x
6,5,2024-08-01,2024-08-01_05,9,40.26674444444445,1.025085820932948,38.9174,42.3149,0.6199444444444445,0.05348165833047604,40.886688888888884,1.0053666666666667,0.3854222222222222,3.397500000000001,4.218741851216072,2.5457380155161213,64.95218209516982,10,89 & 9 points,9,Si,Si_9x
6,6,2024-08-01,2024-08-01_06,9,39.8479,1.0215388942668802,38.5256,41.8945,0.6139,0.05341245173178256,40.461800000000004,1.0038111111111112,0.3899111111111111,3.3689000000000036,4.227198923908165,2.5635953068213886,64.9094315035022,10,89 & 9 points,9,Si,Si_9x
6,7,2024-08-01,2024-08-01_07,9,39.75341111111111,1.0121781493942204,38.4392,41.7921,0.6099111111111112,0.05297686864199424,40.36332222222222,1.0038222222222222,0.3939111111111111,3.352899999999998,4.217122388099748,2.5461416293690475,65.17902426583109,10,89 & 9 points,9,Si,Si_9x
6,8,2024-08-01,2024-08-01_08,9,39.93663333333333,1.01771343707352,38.6326,41.9728,0.6110555555555556,0.05328515532282678,40.547688888888885,1.0037222222222222,0.39266666666666666,3.340200000000003,4.181874786641175,2.5483205571664445,65.35679607237022,10,89 & 9 points,9,Si,Si_9x
6,9,2024-08-01,2024-08-01_09,9,39.84343333333333,0.9711486163301666,38.5928,41.7823,0.6080333333333334,0.053329822801130716,40.45146666666667,1.0032333333333332,0.3952,3.1895000000000024,4.00254161497127,2.437411977540841,65.52837015514498,10,89 & 9 points,9,Si,Si_9x
6,10,2024-08-01,2024-08-01_10,9,39.803399999999996,1.0105440885978234,38.5027,41.8266,0.6090666666666666,0.05315999435665885,40.41246666666667,1.0029444444444444,0.39387777777777777,3.323900000000002,4.175397076631648,2.5388386132788243,65.35146672504378,10,89 & 9 points,9,Si,Si_9x
7,1,2024-08-05,2024-08-05_01,9,40.29888888888889,1.0150348299990046,38.9702,42.3214,0.6284333333333333,0.055761770057988665,40.927322222222216,1.003277777777778,0.3748444444444445,3.3511999999999986,4.157931015467754,2.518766293526439,64.12595696529289,6,89 & 9 points,3,SiO2,SiO2_3x
7,2,2024-08-05,2024-08-05_02,9,40.59385555555556,1.0262765905338482,39.2362,42.6405,0.6323777777777777,0.055155479731794965,41.22623333333333,1.0036666666666667,0.3712888888888889,3.4043000000000063,4.193122276031383,2.528157467401233,64.19241311452367,6,89 & 9 points,3,SiO2,SiO2_3x
7,3,2024-08-05,2024-08-05_03,9,40.255522222222226,1.0077910879465288,38.9182,42.2645,0.6255333333333334,0.05420892454199772,40.881055555555555,1.0032666666666665,0.3777333333333333,3.3462999999999994,4.156324170293267,2.503485316581482,64.35392021030943,6,89 & 9 points,3,SiO2,SiO2_3x
7,4,2024-08-05,2024-08-05_04,9,40.305188888888885,1.0172538245743368,38.9723,42.3594,0.6220444444444444,0.05424018600426972,40.927233333333334,1.002422222222222,0.38037777777777776,3.3871000000000038,4.20181630873555,2.5238780728174874,64.79470920262932,6,89 & 9 points,3,SiO2,SiO2_3x
7,5,2024-08-05,2024-08-05_05,9,40.135799999999996,1.0259091748298212,38.8015,42.2147,0.6164999999999999,0.054017173195197846,40.7523,1.0021444444444443,0.38564444444444446,3.4132000000000033,4.252064241898759,2.556094994567995,65.10267639902676,6,89 & 9 points,3,SiO2,SiO2_3x
9,1,2024-08-21,2024-08-21_01,9,40.72425555555556,1.0313077330640847,39.3681,42.7867,0.6345444444444445,0.05587314003864269,41.3588,1.0017333333333331,0.3671888888888889,3.418600000000005,4.197252906607943,2.53241641619989,64.17872839657497,10,89 & 9 points,3,Chuck,Chuck_3x
9,2,2024-08-21,2024-08-21_02,9,40.808955555555556,1.0341638568320684,39.4268,42.8646,0.6362777777777777,0.054918070290610604,41.445233333333334,1.0016888888888889,0.36541111111111113,3.437800000000003,4.212065652256071,2.534159090212937,64.13701213655811,10,89 & 9 points,3,Chuck,Chuck_3x
9,3,2024-08-21,2024-08-21_03,9,40.65893333333334,1.0338983484849975,39.2644,42.72,0.6306888888888889,0.054648660652490945,41.28962222222222,1.0009666666666668,0.37027777777777776,3.455599999999997,4.249496625587813,2.5428565476836513,64.46749585990628,10,89 & 9 points,3,Chuck,Chuck_3x
9,4,2024-08-21,2024-08-21_04,9,40.47877777777778,1.0304453427739084,39.097,42.5488,0.6251555555555556,0.05427815193775278,41.10393333333334,1.0008222222222223,0.3756666666666667,3.4517999999999986,4.263715691898907,2.545643419450295,64.74992890658325,10,89 & 9 points,3,Chuck,Chuck_3x
9,5,2024-08-21,2024-08-21_05,9,40.31874444444444,1.0331292067199462,38.9402,42.3897,0.6195999999999999,0.05381749250940626,40.938344444444446,1.0005444444444445,0.3809444444444445,3.4495000000000005,4.277786979147003,2.5624042141081653,65.07221504913565,10,89 & 9 points,3,Chuck,Chuck_3x
9,6,2024-08-21,2024-08-21_06,9,39.93371111111111,1.0129816008255592,38.5926,41.9704,0.6129777777777777,0.05290408249317288,40.546688888888895,1.0002,0.3872222222222222,3.3778000000000006,4.229258821702857,2.5366578077530804,65.1470780162413,10,89 & 9 points,3,Chuck,Chuck_3x
9,7,2024-08-21,2024-08-21_07,9,40.09237777777778,1.0337479029939753,38.7452,42.187,0.6129666666666667,0.05311080398562991,40.70534444444444,0.9999555555555557,0.3869888888888889,3.4418000000000006,4.2923370859631405,2.578415051169543,65.40710932260228,10,89 & 9 points,3,Chuck,Chuck_3x
9,8,2024-08-21,2024-08-21_08,9,40.02303333333334,1.023553955588075,38.6991,42.0817,0.6099666666666667,0.053012640002173046,40.633,0.9994666666666667,0.3895,3.3825999999999965,4.225816633921629,2.5574122457520083,65.61511558008635,10,89 & 9 points,3,Chuck,Chuck_3x
9,9,2024-08-21,2024-08-21_09,9,40.10928888888889,1.0211411575346057,38.7847,42.1674,0.6111444444444445,0.05393934350525391,40.72043333333333,0.9995333333333333,0.3883888888888889,3.3827,4.216853618834761,2.5458969376479845,65.62980201079941,10,89 & 9 points,3,Chuck,Chuck_3x
9,10,2024-08-21,2024-08-21_10,9,39.95435555555556,1.013773298266324,38.626,41.981,0.6056222222222222,0.053019448737651395,40.55997777777778,0.9990777777777777,0.39345555555555556,3.355000000000004,4.1985410017876,2.537328619546114,65.97240670751845,10,89 & 9 points,3,Chuck,Chuck_3x
